{"cameraMode":{"drawMode":0,"name":"Shaded","section":"Shading Mode"},"sceneLighting":true,"audioPlay":false,"sceneViewState":{"showFog":true,"showMaterialUpdate":false,"showSkybox":true,"showFlares":true,"showImageEffects":true,"showParticleSystems":true},"in2DMode":false,"pivot":{"x":-0.7991886138916016,"y":-0.6098175048828125,"z":12.118755340576172},"rotation":{"x":-0.18812444806098939,"y":-0.35000258684158327,"z":0.0719730481505394,"w":-0.914838969707489},"size":39.79652404785156,"orthographic":false}